{"cameraMode":{"drawMode":0,"name":"Shaded","section":"Shading Mode"},"sceneLighting":true,"audioPlay":false,"sceneViewState":{"m_AlwaysRefresh":false,"showFog":true,"showSkybox":true,"showFlares":true,"showImageEffects":true,"showParticleSystems":true,"showVisualEffectGraphs":true,"m_FxEnabled":true},"in2DMode":false,"pivot":{"x":-0.5449373126029968,"y":2.6017134189605715,"z":-8.406009674072266},"rotation":{"x":0.026697827503085138,"y":0.00809332262724638,"z":0.00006106108048697934,"w":-0.9996577501296997},"size":0.04098010063171387,"orthographic":false}