{"cameraMode":{"drawMode":0,"name":"Shaded","section":"Shading Mode"},"sceneLighting":true,"audioPlay":false,"sceneViewState":{"m_AlwaysRefresh":false,"showFog":true,"showSkybox":true,"showFlares":true,"showImageEffects":true,"showParticleSystems":true,"showVisualEffectGraphs":true,"m_FxEnabled":true},"in2DMode":false,"pivot":{"x":-2.8122379779815676,"y":6.837493419647217,"z":11.616104125976563},"rotation":{"x":0.09813585132360459,"y":-0.20535044372081757,"z":0.020899813622236253,"w":0.9735847115516663},"size":17.009050369262697,"orthographic":false}