{"cameraMode":{"drawMode":0,"name":"Shaded","section":"Shading Mode"},"sceneLighting":true,"audioPlay":false,"sceneViewState":{"m_AlwaysRefresh":false,"showFog":true,"showSkybox":true,"showFlares":true,"showImageEffects":true,"showParticleSystems":true,"showVisualEffectGraphs":true,"m_FxEnabled":true},"in2DMode":false,"pivot":{"x":-0.237031027674675,"y":-0.47181254625320437,"z":0.4170358180999756},"rotation":{"x":-0.027298523113131524,"y":-0.011408465914428234,"z":0.00015643400547560304,"w":-0.9996089935302734},"size":13.527444839477539,"orthographic":false}